Il gatto di Schrödinger,"Il paradosso del gatto di Schrödinger è un esperimento mentale ideato nel 1935 da Erwin Schrödinger, con lo scopo di illustrare come l'interpretazione ""ortodossa"" della meccanica quantistica fornisca risultati paradossali se applicata ad un sistema fisico macroscopico.",2
Frida Kahlo,"Pittrice messicana, icona femminista conosciuta per i suoi vividi e tropicali autoritratti. È facilmente identificata a causa del suo grande monosopracciglio. È stata sposata con il pittore messicano Diego Rivera.",1
Zelda Fitzgerald,"Una scrittrice di romanzi d'epoca jazz e moglie dell'autore di ""Il grande Gatsby"". Sono stati una delle prime coppie di celebrità del 20° secolo ed il loro matrimonio è noto per alcolismo, recriminazioni ed instabilità.",2
Rasputin,"Occultista russo e consigliere dello Zar Nicolas II, ha esercitato un grande potere sopra la famiglia Romanov. È stato assassinato da un gruppo di nobili nel 1916 ed il suo corpo è stato ritrovato nel fiume Neva. Vi sono diverse incertezze su gran parte della vita di Rasputin. Egli è tuttora sinonimo di potenza, dissolutezza e lussuria.",2
Generale Mac-Mahon,"Duca di Magenta e maresciallo di Francia (1808 - 1893), è stato un generale e politico francese. Figura tra le più rilevanti del Risorgimento italiano come generale prima e Maresciallo di Francia poi, a seguito della caduta del secondo impero venne prescelto quale presidente della Terza Repubblica francese, proclamata il 30 gennaio 1875.",3
Imhotep,Il più famoso scienziato e architetto dell'antico Egitto. Era il capo sacerdote del dio Ra e il principale consigliere del faraone Joser della III dinastia. È una delle poche figure dell'antico Egitto che fu deificato e Imhotep fu venerato come il dio della medicina.,4
Cheope,"2 ° faraone della IV dinastia dell'antico Egitto, famoso perchè la sua piramide al momento della costruzione divenne l'edificio più alto sulla Terra e rimase così per più di quattro millenni.",2
Nefertiti,"La moglie del faraone Akhenaton della 17a dinastia, ed è incredibile come una moglie che non ha fatto nulla di importante nella sua vita abbia superato la popolarità di suo marito, il grande riformatore religioso dell'Egitto. Ma il ricordo della Nefertiti stessa è rimasto nei secoli, come una delle donne più belle dell'antico Egitto.",2
Dmitrij Dmitrievič Šostakovič,"Compositore russo del celeberrimo Valzer n°2, movimento della Jazz Suite. Babbo Natale nel cartone animato Le Cinque Leggende usa il suo cognome come esclamazione/imprecazione.",4
Uomo dei fumetti,"È il proprietario del negozio di fumetti di Springfield chiamato ""Il Sotterraneo dell'Androide e Negozio delle Figurine da Baseball"" nella serie animata I Simpsons. Viene presentato come una persona repellente, sia a causa del suo aspetto fisico, sia a causa del suo carattere scontroso e irriverente.",1
Piccolo aiutante di Babbo Natale,"È il cane di razza levriera della famiglia Simpson nell'omonima serie televisiva. Di color marrone, fa la sua prima comparsa nel primo episodio della serie, intitolato Un Natale da cani, quando viene trovato da Bart in un cinodromo, dopo essere stato abbandonato dal proprio padrone per via della sua incapacità nelle corse canine.",2
La gattara dei Simpson,"È un'anziana donna mentalmente instabile che lancia uno o più gatti che ha avvinghiati costantemente a sé contro chiunque le rivolga la parola. Il suo vero nome è Eleanor Abernathy, come viene rivelato da Kent Brockman durante un'intervista. È laureata in legge e medicina. L'affrontare contemporaneamente il ruolo di medico ed il ruolo di avvocato l'ha resa isterica, per poi portarla definitivamente alla pazzia.",2
"Arnold ""Arnie"" Pye","Arnie Pye è l'inviato in elicottero del tg di Canale 6; indossa gli occhiali e ha l'aria nevrotica. Si occupa per lo più del traffico automobilistico. La rubrica che conduce è ""Arnie e il via-vai"" (nella versione originale ""Arnie in the sky""), e lo vede sorvolare Springfield a bordo di un elicottero per riprendere eventi dall'alto.",4
Johanna,"Johanna, una grossa femmina di goanna (termine australiano col quale si indicano i Varani), è compagna del cacciatore Percival Mc Leach nel film d’animazione Disney Bianca e Bernie nella terra dei canguri del 1990. Un’altra caratteristica di Johanna è quella di essere golosa di uova, che in più di un’occasione non esita a rubare.",4
I tre topini ciechi,"I tre topini ciechi, ispirati a quelli della filastrocca ""Tre topini ciechi"", sono dei personaggi di ""Shrek"" ed in quanto ciechi vanno in giro con occhiali neri e bastone. Compaiono in tutti e quattro i film della serie, benché abbiano un ruolo piuttosto marginale.",2
La sorellastra brutta di Cenerentola,"Doris è una delle sorellastre di Cenerentola in ""Shrek"", talmente brutta da poter essere scambiata per un uomo travestito (e ad aumentare i sospetti che sia realmente un uomo, il suo personaggio è doppiato da un doppiatore maschio in tutti gli adattamenti del film). Compare per la prima volta in Shrek 2 come barista della Mela avvelenata.",3
L'uomo Focaccina,"L'uomo focaccina è il fornaio che ha ""creato"" Zenzy. Nei film si fa spesso riferimento al fatto che l'uomo focaccina viva ""nella farina"". Nella versione inglese, lo scambio di battute è basato su una filastrocca infantile (""the Muffin Man who lives in Drury Lane""), mentre nella traduzione italiana viene solo mantenuta la rima.",2
Aladdin,"Protagonista dell'omonimo film, ladruncolo di Agrabah, ha un'unica compagnia, la sua fidata scimmia Abu, con cui compie una serie di furti per sfamarsi. La sua storia è, però, segnata da un glorioso destino: salvare il Sultano, sposare la principessa Jasmine, sconfiggere il terribile e infido gran visir Jafar.",2
Il genio della lampada,"Personaggio di Aladdin, è dotato di poteri magici, è di colore blu, vive in una lampada e deve servire il padrone della lampada. Il fortunato possessore di tale lampada potrà esprimere tre desideri.",1
Abu,"Abu la scimmia è uno dei personaggi del film Disney Aladdin, Il ritorno di Jafar e di Aladdin e il re dei ladri, apparsi poi in seguito nella serie animata. È il fidato compagno di avventure di Aladdin, goloso di cibo e attratto da tutto ciò che luccica.",2
Leprotto bisestile,"La Lepre marzolina, conosciuta anche come Leprotto bisestile dal doppiaggio italiano del film di Walt Disney Alice nel Paese delle Meraviglie, è un personaggio fittizio creato da Lewis Carroll nel romanzo Alice nel Paese delle Meraviglie. La lepre esordisce con l'inseparabile Cappellaio Matto, nella famosa scena del festino del tè",3
Anacleto,"Anacleto è l'irascibile e permaloso ma allo stesso tempo geniale gufo domestico di Merlino, animale molto istruito che ha la capacità di parlare e rispondere a tono, ed è l'elemento comico del film ""La spada nella roccia"".",2
Dory,"Personaggio del film ""Nemo"". È un pesce chirurgo femmina. Si ritrova coinvolta nell'avventura di Marlin, aiutandolo a ritrovare suo figlio, e nel corso del film fa alcuni progressi con le perdite di memoria a breve termine di cui soffre, motivo per cui non ricorda assolutamente niente di ciò che è successo anche poco prima.",2
Johnny Bravo,"È il protagonista dell'omonimo cartone animato. È un ragazzo palestrato, vanitoso, ignorante e sempre a caccia di ragazze, ma le sue avventure finiscono sempre con un buco nell'acqua a causa della sua spavalderia e della sua scarsa intelligenza. Ha la bizzarra abitudine di non togliersi mai i suoi occhiali da sole, nemmeno quando nuota o va a dormire.",2
Panoramix,"Panoramix è un personaggio dei fumetti della serie Asterix. È il druido del villaggio. La sua specialità è la pozione magica, che dona una temporanea forza sovrumana a colui che la beve. È anche in grado di preparare una lozione per capelli estremamente potente che può far crescere rapidamente e senza posa barba e capelli.",2
Assurancetourix,"Personaggio dei fumetti della serie Asterix. È il bardo del villaggio sebbene le sue capacità musicali e soprattutto canore non siano decisamente all'altezza del compito: in effetti, la sua voce è tanto stonata da terrorizzare chiunque l'ascolti, e può provocare ""effetti collaterali"" quali pioggia o veri e propri temporali. Prende il nome dalla frase ""assurance tous-risques"", ovvero ""assicurazione contro tutti i rischi"".",4
Pingu,"È il pinguino protagonista dell'omonima serie. La sua età è verosimilmente tra i 5 e i 7 anni. Solitamente usa la gestura ""becco a megafono"" e il verso “NUG, NUG!” (conosciuto anche come ""NOOT, NOOT"" o ""MAGMA!"") per indicare rabbia, frustrazione, felicità o per attirare l'attenzione. Inoltre si dimostra spensierato con gli altri.",2
Benjamin Button,"Protagonista del racconto ""Il curioso caso di Benjamin Button"". La storia inizia nel 1860, anno di nascita di Benjamin. Non si sa né come né perché, ma Benjamin nasce con l'aspetto di un uomo anziano ed ogni anno che passa ringiovanisce sempre più.",2
Frau Blücher,Personaggio del film Frankenstein Junior interpretato da Cloris Leachman. Nel film i cavalli nitriscono terrorizzati al solo sentir nominare Frau Blücher perché ella è un personaggio crudele: «Sono terrorizzati da lei; Dio solo sa cosa fa loro quando non c'è nessuno in giro».,2
Bloody Mary,"Bloody Mary è un gioco in cui l'omonimo spirito (rappresentato come fantasma o strega) appare se evocato di fronte a uno specchio nel corso di uno specifico rituale che differisce a seconda delle versioni. L'attuale versione più accreditata della storia prevede invece che il nome del personaggio debba essere invocato tre volte di fronte a uno specchio, ancora una volta al buio.",2
MacGyver,"MacGyver è il protagonista dell'omonima serie televisiva. È un eroe solitario che non fa uso di violenza né di armi da fuoco. Le sue armi sono l'ingegno e l'intelligenza e i suoi unici equipaggiamenti sono un coltellino svizzero e talvolta anche nastro adesivo, che utilizza spesso nei suoi cosiddetti ""macgyverismi"", opere dell'ingegno con oggetti e cose che trova attorno a lui.",2
Bellosguardo,"Personaggio del film Robin Hood un uomo in calzamaglia, Bellosguardo (Mark Blankfield) è il servitore cieco di Robin Hood che lo accompagna durante tutte le sue peripezie.",2
Latrina,"Interpretata da Tracey Ullman, Latrina è la strega cattiva, e anche brutta, presente nel film ""Robin Hood un uomo in calzamaglia"" di Mel Brooks.",3
Mr. Bean,"Mr. Bean è un personaggio immaginario interpretato dall'attore britannico Rowan Atkinson, creato dallo stesso Atkinson insieme a Richard Curtis e Robin Driscoll. Nato come personaggio cabarettistico degli anni ottanta, Mr. Bean diviene in seguito protagonista di una serie televisiva omonima (1990-1995) trasmessa in oltre 200 paesi.",1
Biff Tannen,"Biff Howard Tannen è l'antagonista della trilogia di Ritorno al futuro in cui è impersonato da Thomas Francis Wilson. Biff ha un carattere tipicamente tendente al bullismo. Di indole meschina e collerica, si mostra anche prepotente, testardo, egoista, arrogante e istintivamente crudele, anche se fondamentalmente stupido.",3
Tonio Cartonio,"Tonio Cartonio è stato un personaggio immaginario della Melevisione, un programma televisivo per bambini in onda dal 1999 su Rai 3. Fu interpretato da Danilo Bertazzi dal 1999 al 2004, quando l'attore abbandonò la trasmissione il suo personaggio fu sostituito - in un ruolo analogo - dal folletto Milo Cotogno.",2
Uan,"Pupazzo animato di peluche rosa con il ciuffetto fucsia dalle sembianze di un cane, è stato dal 1983 fino al 1999 la mascotte del cartone animato per bambini Bim bum bam. Il nome derivava dall'italianizzazione di One, ""uno""' in lingua inglese, in riferimento a Italia 1, la rete che trasmetteva Bim Bum Bam.",3
Il tapiro d'oro,"Il Tapiro d’Oro è un premio satirico ideato da Antonio Ricci per la sua trasmissione Striscia la notizia. Viene consegnato da Valerio Staffelli a personaggi che abbiano motivo di sentirsi attapirati, cioè che hanno compiuto qualche gesto o azione assurda o sono stati coinvolti in qualche episodio spiacevole.",2
Dodò,"Dodò è un personaggio immaginario e uccello parlante, creato come un uccello di pezza bianco a pois azzurri, con il becco di legno e due palline da ping pong per occhi, mascotte e protagonista della trasmissione televisiva per bambini L'albero azzurro, trasmessa attualmente al pomeriggio su Rai Yoyo tutti i giorni dal lunedì al venerdì.",1
Il Gabibbo,"È un personaggio comico ideato da Antonio Ricci che è apparso e appare tuttora in diverse trasmissioni televisive di Ricci, in onda su Canale 5, quali Striscia la notizia, Veline, Velone, Cultura moderna e Paperissima Sprint. È stato animato dal mimo Gero Caldarelli (dal 1990 al 2017) e da Rocco Gaudimonte dal 2017 e doppiato dalla voce di Lorenzo Beccati.",2
Un testimone di Geova,"I Testimoni di Geova sono una delle sette religiose più diffuse sul territorio italiano, malgrado il loro culto sia nato in America nel 1870. Sono presenti in gran numero anche nel resto del Mondo. Il rigido sistema con cui controllano i loro adepti e l’ostracismo a cui sono sottoposti i fuoriusciti hanno destato non poche preoccupazioni, anche in campo medico e psichiatrico.",1
"""A.B. Norme""",Il famoso cervello “abnorme” (In lingua originale ABNormal”) che Igor porta a Frederick nel film Frankenstein Junior di Mel Brooks.,3
Un Pokèmon,"Sono «creature di varie forme e dimensioni che, in un mondo immaginario, vivono nella natura insieme agli esseri umani. La maggior parte dei Pokémon non parla ed è in grado di pronunciare solo il proprio nome». Il nome Pokémon deriva invece dalle parole inglesi “pocket monsters”, mostri tascabili. Il loro creatore è l’informatico giapponese Satoshi Tajiri, che lavorava per Nintendo.",1
Rinoceronte,"È un animale massiccio, di dimensioni e peso molto considerevoli. La regione facciale serve da supporto a uno o due corni, posti uno dietro all’altro. La loro famiglia è composta da cinque specie viventi, due africane e tre asiatiche.",2
La sigaretta di Jigen,"Jigen viene sempre ritratto con in bocca una sigaretta piegata ed è questa la loro particolarità. Le sigarette che fuma Jigen sono le Pall Mall superlong filter. Essendo queste sigarette molto lunghe è facile che se il pacchetto viene un pò maltrattato si pieghino, e poi diciamolo, Jigen nn ha una vita molto sedentaria.",2
Il capo di Art Attack,"Personaggio di Art Attack. È un pupazzo che riproduceva una testa di marmo parlante in una galleria d'arte. Egli in genere riassumeva quanto detto dal conduttore. Il Capo si cimentava anche lui in tentativi di riprodurre le opere presentate, tentativi che finivano quasi sempre disastrosamente.",2
Lo scatolone fabbricone,"È uno scatolone pieno di materiale per bimbi creativi presente nel programma televisivo per bambini “L'albero azzurro”.",3
La giacca di pelle di Fonzie,"Benché la sua giacca, ad oggi, faccia parte a tutti gli effetti della cultura popolare statunitense, nella prima serie Fonzie non la indossa mai. Ma qualcuno della ABC si accorse che a quel personaggio “mancava qualcosa” e che non poteva scorazzare in moto con un semplice giubbetto. Così dopo la prima serie fu deciso che Arthur avrebbe indossato la giacca di pelle in tutte le scene all’aperto con la sua Triumph.",2
L'orologio del bianconiglio,"Il nome originale del coniglio è White Rabbit, dove White è il nome e Rabbit è il cognome. Porta sempre con sè nel suo panciotto un orologio da taschino per tenere sott'occhio l'ora dato che è sempre in ritardo.",3
Un ballo folkloristico,"Danza di stampo popolare legata ai momenti di vita della comunità locali, un tempo agricole o montanare e generalmente accompagnata da strumenti musicali tradizionali tipici. Nel sud Italia e isole :pizzica, tarantella, quadriglia, tammuriata, danze di spade, balli sardi.",2
Awumbuk,Senso di vuoto che rimane dopo la partenza di un ospite secondo la tribù baining della Papua Nuova Guinea. Credono che i visitatori si lascino dietro una coltre di pesantezza quando partono per viaggiare leggeri.,4
Violino di Stroh,"Anche violino muto con tromba: probabile fine '800 inizio '900, strumento musicale sperimentale. Ibrido composto dalla struttura del violino, con le corde e una campana come quella della tromba. Alcuni esistono ancora, gli Chicago Stompers (gruppo swing/jazz) ne utilizza uno.",3
Michael J. Fox,"Michael J. Fox, pseudonimo di Michael Andrew Fox, è un attore e doppiatore canadese naturalizzato statunitense. È famoso soprattutto per l'interpretazione di Marty McFly, protagonista della trilogia di Ritorno al futuro, nella sitcom Casa Keaton e nella serie televisiva Spin City, grazie ai quali vinse complessivamente quattro Golden Globe, due Screen Actors Guild Awards e cinque Emmy Awards.",1
Madre Teresa,"Madre Teresa di Calcutta, per la Chiesa cattolica Santa Teresa di Calcutta per il culto tributatole, e spesso nota semplicemente come Madre Teresa, è stata una religiosa albanese naturalizzata indiana di fede cattolica, fondatrice della congregazione religiosa delle Missionarie della carità.",1
Chuck Norris,"6 volte campione del mondo di Karate, ha servito nell’US Air Force ed ha recitato in più di 30 film. Molti lo ricordano per Walker Texas Ranger e per l’enorme quantità di meme che lo ritraggono quasi come una divinità del web.",1
Il piccolo Lucio,"Personaggio del trash italiano, cantautore napoletano, divenuto famoso a soli 7 anni per la canzone “A me mi piace a Nutella”.",1
Brunetta,Politico italiano famoso per la sua bassa statura. Ha ricoperto dal 2008 al 16 novembre 2011 la carica di Ministro per la pubblica amministrazione e l'innovazione.,1
Enrico Papi,Enrico Papi è un conduttore televisivo e autore televisivo italiano. Famoso per aver condotto il programma televisivo Sarabanda.,1
Giovanni Muciaccia,Giovanni Muciaccia è un conduttore televisivo e attore teatrale italiano. Famoso per aver condotto il programma televisivo per ragazzi Art Attack.,1
Er baffo,"Comincia la sua carriera come venditore porta a porta per poi passare al direct marketing in televisione diventando in breve tempo popolare e benestante. È Roberto Da Crema, detto in amicizia “Er Baffo”, lo stakanovista delle televendite ricordato da tutti per i suoi baffoni. ",2
Nicolas Cage,"Nicolas Cage, pseudonimo di Nicolas Kim Coppola, è un attore e produttore cinematografico statunitense. La sua carriera è ricca di film di successo come “Il mistero dei Templari”, “Lord of War” e “World Trade Center”.",2
Vestito di carne di Lady Gaga,"Il vestito di carne di Lady Gaga è l'abito che la cantautrice statunitense ha indossato in occasione degli MTV Video Music Awards del 2010 per ricevere il premio ""Video dell'Anno"". Disegnato da Franc Fernandez su progetto di Nicola Formichetti, l'abito è stato nominato dal Time come il miglior prodotto della moda del 2010 e condannato dalle organizzazioni animaliste.",2
L’uomo gatto di Sarabanda,"Gabriele Sbattella, classe 1971, di Sant’Elpidio a Mare, una laurea in traduzione e un passato da animatore turistico (da lì il soprannome di Uomo gatto, avendo interpretato il dio dei gatti nel musical “Cats“). Lo conosciamo tutti come l'Uomo Gatto, il campione storico di Sarabanda ma anche un vero e proprio personaggio che più volte abbiamo rivisto in tv.",2
Luca Giurato,"Giornalista e conduttore TV,  acquisisce una notorietà non indifferente nella conduzione di Unomattina per via delle sue numerose gaffe e lapsus linguae che venivano puntualmente riproposte dalla Gialappa’s Band e da Striscia la Notizia finendo per scrivere una pagina della storia della tv italiana.",2
Orlando Portento,"La sceneggiata fatta negli studi de ""La Fattoria"" durante una puntata resterà negli annali della tv. E triccheballacche! Un tormentone talmente irresistibile che non poteva mancare una sua avventura in sala d’incisione, e fu così che nel marzo del 2006 creò il pezzo dance “Triccheballacche (La Cammellata)”.",2
Bud Spencer,"Bud Spencer, pseudonimo di Carlo Pedersoli, è stato un attore, nuotatore e sceneggiatore italiano.",2
Brava Giovanna,"“Brava Giovanna” altri non è che la modella croata Iris Cekus, divenuta famosa per la pubblicità della vernice Saratoga e volto di altre pubblicità famose, come quelle di Vitasnella, Bilboa e Stroili gioielli. Ha 31 anni ed è diventata in breve tempo uno dei volti più noti degli spot televisivi di grandi brand nazionali e non.",2
Pupo,"Pupo, nome d'arte di Enzo Ghinazzi, è un cantautore, paroliere, compositore e conduttore televisivo italiano. Famosissime le sue canzoni come ""Gelato al cioccolato"" e ""Su di noi"".",2
I Vallanzaska,"I Vallanzaska sono un gruppo musicale ska italiano. Il nome Vallanzaska deriva dal criminale italiano Renato Vallanzasca; oltre ad averne tratto il nome, i Vallanzaska hanno dedicato a lui le canzoni Apologia di Renato, Boys from Comasina e Fine amore mai.",2
Gabriele Paolini,"Gabriele Paolini è un personaggio televisivo italiano, noto perchè «sabota regolarmente i collegamenti di giornalisti e presentatori su TV nazionali in Italia, incoraggiando l'uso del preservativo come parte della propria battaglia civile contro l'AIDS».  Dal 2002 è entrato a far parte del Guinness dei primati.",3
Giorgio Mastrota,"Giorgio Mastrota è un attore e conduttore televisivo italiano. Famoso per i molteplici programmi televisivi e ricordato in particolare per le televendite. Il gruppo heavy metal “Nanowar of Steel” gli ha dedicato il brano Giorgio Mastrota (The Keeper of Inox Steel) ed a seguito del successo del brano la band ha poi creato un fumetto demenziale dal titolo “Nanowar - I custodi dell'acciaio inox”, con protagonista proprio Mastrota.",3
Giancarlo Magalli,"Giancarlo Magalli è un autore televisivo, conduttore televisivo, commediografo, sceneggiatore e attore italiano. Divenne famoso come conduttore con Pronto chi gioca? (1985), Fantastico 10, I fatti vostri, l’edizione di Fantastico del 1997, Domenica In, I cervelloni, Piazza Grande, Mezzogiorno in famiglia.",3
Vanna Marchi,"Wanna Marchi è un personaggio televisivo italiano, celebre nel settore della televendita grazie alle sue peculiari modalità comunicative. Assieme alla figlia Stefania Nobile e al brasiliano Mário Pacheco do Nascimento, è stata arrestata, processata e condannata per bancarotta fraudolenta, truffa aggravata e associazione per delinquere finalizzata alla truffa a seguito di trasmissioni televisive in cui si raggiravano i telespettatori.",3
Tina Cipollari ,"Ha debuttato in televisione nel 2000, in qualità di corteggiatrice e, successivamente, di tronista del programma di Canale 5 Uomini e Donne, condotto da Maria de Filippi; si è fatta conoscere attirando l'attenzione sul suo atteggiamento da improbabile ""vamp"", che compone il personaggio da lei interpretato in tutte le apparizioni televisive, caratterizzato dai capelli platinati, vestiti sexy e boa variopinti.",3
Antonio Razzi,Politico italiano. Le gaffe e le affermazioni di Antonio Razzi sono continuamente riprese da Maurizio Crozza nei sui programmi Crozza nel Paese delle Meraviglie e Fratelli di Crozza.,3
Massimo Tartaglia,"Massimo Tartaglia è stato un celebre personaggio italico. Nato a Milano nel 1967, volontario del WWF ed ingegnere. Tartaglia è stato un artista poliedrico nel campo della scultura e dell'intaglio, abile atleta esperto in lancio di manufatti ed è ricordato poichè nel 2009 ferì al volto l'ex premier Silvio Berlusconi con una statuetta. ",4
Angela Favolosa Cubista,"All’anagrafe è Angela Troina, ma se questo nome non vi dice nulla è perché l’abbiamo conosciuta e la conosciamo come Angela Favolosa Cubista. Nata come concorrente di Italia's Got Talent (talent prodotto da Maria De Filippi), è diventata ben presto il volto di punta di Uomini e Donne Over. Poi le serate in discoteca. Poi la sua traccia dance editata dal nipote. Ed infine l'oblio.",4
Dmitrij Hvorostovskij,"Detto Dima, baritono. Nato in Siberia nel 1962. Famoso nel mondo della lirica, di bella presenza e benvoluto, precocemente scomparso per un tumore al cervello nel 2017. Ha cantato in Rigoletto, Don Carlo, Traviata, Trovatore....",4
Furry,"Una persona che indossa un costume intero da animale, spesso durante conventions, giochi di ruolo o per gusto personale. Il loro utilizzo in attività sessuali è un controverso argomento di discussione su blog e forum. Durante un recente sondaggio, il 37% degli intervistati riportarono come il sesso fosse per loro parte integrante di quest'attività",3
Matrioska,"Un set di figure colorate in legno che diminuisce in grandezza ed in cui la più piccola viene inserita il quella successiva nella scala, finchè tutte non sono all'interno della più grande. Associata con le nazioni Comuniste, sono spesso dipinte come donne o babushke.",2
Dracula Vlad Tepes,"Vlad III, principe della Wallachia durante il XV secolo. Conosciuto ai più come Vlad L'impalatore, a causa dei suoi metodi di tortura. Fu l'ispirazione principale per il personaggio del Conte Dracula di Bram Stoker. Dracula sta a significare “Figlio di Dracul” (il Padre era infatti Vlad II Dracul), mentre vlad Tepes è “L'impalatore”.",2
Blacula,"Il personaggio di un film horror riguardante un principe africano del 18 secolo trasformato in un vampiro. Rinchiuso dal Conte Dracula per due secoli in una bara, viene accidentalmente liberato negli anni '70 da un decoratore d'interno. È uno dei personaggi più famosi del fenomeno cinematografico degli anni '70 detto Blacksploitation.",4
Jack lo Squartatore,"Appellativo dato ad uno sconosciuto serial killer che agì a Londra, nel degradato quartiere di Whitechapel e nei distretti adiacenti, nell'autunno del 1888. Le sue vittime erano prostitue che egli assassinava tramite sgozzamento. A Tutt'oggi la sua vera identità è un mistero.",2
Ebola,"Un virus che causa febbre emorralgica, tipicamente trasmesso da scimmie, pipistrelli della frutta o persone. I suoi sintomi più severi possono includere sanguinamento dagli occhi, naso, orecchie, bocca e retto. Non vi è cura specifica.",2
Like,"Portato alla fama grazie a Facebook, l'atto di dare un like al contenuto di un altro utente sta a significare che esso piace/è approvato. L'icona ad esso associata è una mano stilizzata con il pollice alzato. Si stima che il 48% dei giovani tra i 18 e 34 anni come prima cosa appena svegliato controlli il proprio profilo facebook.",3
Babbo Natale,"Babbo Natale, o Santa Claus nei paesi anglofoni, è un personaggio inventato che si dice porti doni ai bambini buoni durante la notte della vigiglia di Natale. Questa figura deriva da San Nicola, vescovo di Myra, che si dice ritrovò e riportò in vita cinque fanciulli uccisi da un oste. Per questo è considerato il protettore dei bambini.",1
"Aldo, Giovanni e Giacomo","Nome d'arte di un popolare trio comico di attori e registi teatrali, televisivi e cinematografici italiani. Il trio è formato da Cataldo Baglio, Giovanni Storti e Giacomino Poretti.",2
Flying Spaghetti Monster,"La divinità del Pastafarianesimo, religione creata da Bobby Henderson, fisico dell'Oregon State University. Nata come protesta alla decisione del consiglio per l'istruzione del Kansas di insegnare il creazionismo nei corsi di scienze come un'alternativa alla teoria dell'evoluzione.",3
Walt Disney,"È spesso descritto come uno dei più grandi cineasti del XX secolo, riconosciuto come il padre dei film di animazione. Ha inoltre creato Disneyland, il primo e più famoso parco a tema. Detiene tutt'oggi il record di nomination all'Oscar (59 in totale, di cui 22 vinti più 4 alla carriera). È stato spesso accusato di razzismo ed antisemitismo, anche se non vi sono prove decisive.",2
Osama Bin Laden,"Miliardario, Terrorista saudita e fondamentalista islamico sunnita. Ha fondato Al Quaeda, nota organizzazione terroristica internazionale. Latitante per tre amministrazioni presidenziali statunitensi, fu poi ucciso durante uno scontro a fuoco l'1 maggio 2011 durante un'azione combinata di CIA e Navy Seal.",2
Benito Mussolini,"Politico italiano, leader del partito fascita. Fu primo ministro dal 1922 fino al 1943, di cui solo i primi quattro anni secondo costituzione. In seguito creò una dittatura con lui a capo, nominato Duce. Poco dopo l'invasione americana del '43 egli fu arrestato dal suo stesso partito. Liberato da un raid tedesco, fu ucciso durante la fuga da partigiani italiani.",3
El Chupacabra,"Letteralmente “Succhia capre”, questa creatura leggendaria è spesso descritta come un rettile che attacca e beve il sangue delle mandrie. Molte delle supposte immagini sono poi state attribute a cani o lupi afflitti da malattie della pelle.",4
PewDiePie,"Nome d'arte di Felix Arvid Ulf Kjellberg, famoso let's payer di Youtube. Da Dicembre 2013 il suo canale youtube è il più seguito, dopo aver superato lo YouTube Spotlight channel, il canale ufficiale del sito. A febbraio 2015 la conta dei propri subscribers ha superato i 34 milioni, con più di 8 bilioni di visualizzazioni totali.",1
Tutankhamon,"Faraone della XVIII dinastia egizia. Noto come il faraone bambino, la sua fama è dovuta alla scoperta della sua tomba nella Valle dei Re, durante la spedizione di Howard Carter del 1922. La morte di alcune persone della spedizione portò alla credenza di una maledizione. Nonostante ciò Howard Carter morì di vecchiaia 17 anni dopo la scoperta.",3
Heisenberg,"Fisico teorico di origine germanica, creò il principio di indeterminazione, e vinse il premio Nobel in fisica per lo studio sulla meccanica quantistica. Il suo nome viene anche usato nella serie Breaking Bad come metodo usato da Walter White per la produzione di meth.",2
Cristoforo Colombo,"Navigatore ed esploratore italiano, cittadino della Repubblica di Genova. Sotto comando dei monarchi spagnoli, compì quattro viaggi attraverso l'oceano atlantico. Durante il suo primo viaggio raggiunse San Salvador, nell'arcipelago delle Bahamas. Il suo intento però era di raggiungere il Giappone.",2
Arsenio Lupin,"Arsène Lupin (italianizzato in Arsenio Lupin) è un personaggio di fantasia nato dalla penna di Maurice Leblanc nel 1905. È il ladro gentiluomo protagonista di numerosi romanzi, e fonte di ispirazione per Lupin III, famoso personaggio di manga e cartoni.",4
Cervello di Hitler,"Espediente famoso nel film di serie b “They saved Hitler's brain”. La trama mostra come scieziati nazisti salvarono il suo cervello alla morte del Furher, per poi portarlo nello stato di Mandoras, in sud America. Il film al corrente ha una percentuale di 0% sul sito di review Rotten Tomatoes.",2
Giraffa,"La giraffa è un grande mammifero africano artiodattilo, il più alto tra tutte le specie di animali terrestri viventi; può superare i 5 metri di altezza e la tonnellata di peso. Ha la caratteristica di avere arti e collo eccezionalmente lunghi, oltre alla lingua blu e alle piccole corna ricoperte di pelle.",4
Achille,"Antico eroe greco e Semidio, dall'Iliade di Omero. Sconfisse il campione di Troia, Ettore. Fu in seguito ucciso con una freccia al tallone, l'unico punto del suo corpo vulnerabile alle ferite.",2
Che Guevara,"Leader Marxista durante la rivoluzione Cubana. La sua immagine stilizzata, con il famoso berretto e baffi è conosciuta per essere usata sulle magliette di tutto il mondo, ed ha preso il significato di “Ribelle”.",2
Velociraptor,"Un feroce carnivoro a due zampe del periodo Cretaceo. È uno dei più famosi dinosauri, soprattutto grazie al fatto di aver avuto un importante ruolo nel film Jurassic Park, del 1993, nonostante in realtà esso sia più piccolo e piumato.",2
Homo Erectus,"Un lontano parente dell'Homo Sapiens Sapiens, estinto approssimativamente 100.000 anni fa. Fu il primo ominide a camminare con una postura eretta, e probabilmente viveva in piccole tribù nomadi di cacciatori e raccoglitori.",2
L. Ron Hubbard,"Scrittore di fantascienza e fondatore di Scientology. Tale religione deriva dal suo trattato Dianetics, che egli stesso ha modestamente descritto come “una pietra miliare per l'uomo comparabile alla scoperta del fuoco e superiore all'invenzione della ruota e dell'arco”.",3
Abraham Lincoln,Abraham Lincoln è stato un politico ed avvocato statunitense . È stato il sedicesimo Presidente degli Stati Uniti d'America e il primo ad appartenere al Partito Repubblicano. È famoso per aver abolito la schiavitù ed aver sconfitto gli Stati Confederati d'America nella Guerra di Secessione.,2
Vladimir Putin,"Ex ufficiale KGB e correntemente il Presidente della Russia. I media lo hanno più volte dipinto come una figura estremamente virile, grazie anche a famose foto di lui a torso nudo su un cavallo, o che riporta alla luce delle urne greche dal Mar Morto.",3
Cristopher Walken,Attore conosciuto per il suo particolare modo di recitare e le sue doti di ballerino. Quest'ultime si possono ammirare nel famoso video musicale “Weapon of Choice” di Fatboy Slim.,2
Hulk Hogan,"È un Wrestler e attore statunitense, attualmente sotto contratto con la WWE. Famoso soprattutto a cavallo tra gli anni '80 e '90, ha comunque avuto una discreta carriera come attore di serie b, ed anche un reality sulla propria vita famigliare.",4
Jackson Pollock,"Pittore espressionista astratto conosciuto per la propria tecnica di pittura, il dripping, dove egli poggiava la tela per terra e poi faceva cadere il colore dall'alto. Il suo dipinto “No. 5, 1948” è stato venduto per 140 milioni di dollari nel 2006, fu il secondo dipinto più costoso mai venduto.",2
Caligola,"Imperatore romano conosciuto per la sua crudeltà, stravaganza e perversità sessuale. Fu il primo imperatore romano ad essere assassinato, per conto delle sue stesse guardie.",2
Julian Assange,"Editore capo di WikiLeaks, sito di distribuzione di materiale confidenziale, spesso governativo. Condannato per reati a sfondo sessuale, vive nella ambasciata dell'Ecuador a Londra dal 2012.",2
Il Pifferaio Magico,"Un personaggio di una fiaba del folklore medievale. Grazie ad un piffero magico riuscì a portar via i ratti da una cittadina. Ma non ricevendo il pagamento pattuito, usò il piffero per rapire tutti i bambini della città, per poi ucciderli.",2
Atlante,"Titano della mitologia greca, obbligato a portare sulle proprie spalle tutta la sfera celeste, come punizione per aver combattuto contro le divinità dell'olimpo durante le guerre dei Titani. La sfera sulle sue spalle viene spesso erroneamente scambiata con la terra.",2
Cane di Pavlov,Cane su cui lo psicologo russo Pavlov era solito fare esperimenti di condizionamento. Esso era riuscito ad associare il suono di una campanella al cibo. In questo modo il cane salivava anche se il cibo non fosse realmente presente. Meno famosi sono gli esperimenti in cui induceva nei cani uno stato di schizofrenia.,3
Roberto Benigni,"Attore italiano, fra i numerosi riconoscimenti per il suo lavoro vi è un premio Oscar come miglior attore per la sua interpretazione nel film La vita è bella. Fu inoltre candidato al Premio Nobel per la letteratura nel 2007, principalmente per l'impegno profuso in favore della diffusione della Divina Commedia di Dante Alighieri.",2
Shoichi Yokoi,"Soldato giapponese famoso per essere rimasto nascosto nella giungla 28 anni dopo la fine della seconda guerra mondiale. Egli si nascose alla fine della battaglia di Guam, e fu trovato da due pescatori del luogo in quanto Shoichi era solito rubargli i gamberetti pescati.",4
Cleopatra,"Regina egizia del periodo tolemaico. Fu anche una dei nemici più temuti per la Repubblica romana; infatti oltre che disporre di una grossa flotta, di un esercito potente e di un regno ricco di risorse, aveva dalla sua parte anche un gran fascino, grazie al quale aveva sedotto due tra i più grandi condottieri romani: Giulio Cesare e Marco Antonio.",2
Miyamoto Musashi,"Militare e scrittore giapponese del XVI secolo. È considerato il più grande spadaccino giapponese della storia. La sua opera più nota è “Il libro dei cinque anelli”, dove descrive il proprio metodo di combattimento e la propria filosofia, in linea con quella zen.",2
Steampunk,"È un filone della narrativa fantastica-fantascientifica che introduce una tecnologia anacronistica all'interno di un'ambientazione storica, spesso l'Ottocentoe in particolare la Londra vittoriana. Descritto dai suoi membri in questo modo: “Come sarebbe stato il passato se il futuro fosse accaduto prima”.",2
“Doc” Emmett Brown,"Uno dei personaggi principali de la triologia di Ritorno al Futuro. Egli è l'inventore della macchina del tempo, la quale funziona grazie al Flusso Canalizzatore. L'idea di tale marchingenio gli venne dopo essere scivolato ed aver sbattuto la testa nel proprio bagno.",2
Bill Gates,"Fondatore e presidente onorario della Microsoft. È stato l'uomo più ricco al mondo dal 1996 al 2009, ad eccezione del 2008. Nel 1995 riceve la cittadinanza onoraria del Comune di Crotone, Italia.",1
Jacques Cousteau,"Un paladino dell'ambiente francese, che spese la sua vita allo studio dell'oceano. Dopo la sua morte, alcuni membri del suo staff confessarono che diverse scene dei suoi film erano truccate. Per esempio versare candeggina in una vasca per obbligare un polpo ad uscirne.",2
Mr. Trololo,"Nome dato a Eduard Khil, un cantante russo che divenne famoso quando il video della sua canzone “I Am Glad, 'Cause I'm Finally Returning Back Home” del 1976 fu diffuso su youtube. Khil canta durante la canzone utilizzando non parole, ma sillabe senza senso.",4
Mike Tyson,"Soprannominato Iron Mike, è un pugile conosciuto per il suo talento e la sua sregolatezza. Nel 2003 dichiarò bancarotta, nonostante durante la propria carriera egli avesse guadagnato più di 300 milioni di dollari.",2
Hodor,"Garzone di Winterfell nella saga di George R.R. Martin, Cronache del ghiaccio e del fuoco. È solito portare sulla schiena il paralitico Bran Stark grazie ad una cesta. Nonostante il suo vero nome sia Walder, è chiamato in questo modo poiché Hodor è l'unica parola che sappia ripetere.",3
Un Comunista,Un membro del movimento politico che crede nella comunanza dei mezzi di produzione e l'organizzazione collettiva del lavoro. Il concetto fu introdotto dal politico e filosofo Karl Marx e divenne l'ideologia alla base dell'Unione Sovietica.,2
Gli Illuminati,"Società segreta ipoteticamente nata in baviera nel 18mo secolo. Nata come alternativa alla massoneria, Le teorie complottistiche ritengono che essa sia attiva tutt'oggi, e che controlli la maggior parte dei mezzi d'informazione.",2
Lo Yeti,"Lo Yeti è una creatura leggendaria che fa parte della cultura Himalayana, ma famosa in tutto il mondo. Il termine deriva da “yeh- teh” che significa “Quella cosa là” in lingua nepalese. Il 17 ottobre 2013, scienziati stabilirono sulla base di alcuni peli che in realtà lo yeti sarebbe una specie ibrida di orso.",2
Barbanera,"Nome con cui era conosciuto Edward Teach, celebre pirata britannico. Egli ebbe il controllo del mar dei Caraibi tra il 1716 ed il 1718, durante gli anni d'oro della pirateria. Al contrario delle leggende sul suo conto, egli comandò i suoi vascelli con benevolenza nei confronti dei suoi uomini e non vi sono rapporti nei quali si dice che abbia mai maltrattato o ucciso uno dei suoi prigionieri.",1
Stephen Hawking,"Scienziato molto famoso, conosciuto per i suoi studi sui buchi neri e sull'origine dell'universo. La sua immagine pubblica, complice l'apparizione in molti documentari e trasmissioni televisive, è divenuta una delle icone popolari della scienza moderna, come già accaduto ad Albert Einstein",1
Un Illusionista,Un uomo di spettacolo che svolge atti di magia e trucchi apparentemente impossibili. In realtà egli fa uso di mezzi fisici oppure semplicemente di ablità di mano.,2
Un Castrato,"Un cantante maschio con un registro vocale molto alto, dovuto alla castrazione precedente la pubertà. Al giorno d'oggi vi sono alcuni cantanti con anomalie ormonali che danno effetti simili. L'ultima castrazione avvenne negli anni 1870.",3
Un Bradipo,"Un mammifero caratterizzato da movimenti molto lenti e con mani uncinate, e la cui pelliccia ospita diversi insetti, tra cui scarafaggi e coleotteri. Popolari su internet grazie ai loro sorrisi perpetui e la loro docilità.",2
Kurt Cobain,"Cantante e leader della band Nirvana, del grunge rock. Famoso per canzoni quali “Smells Like Teen Spirit” e “All Apologies”. Ebbe un passato di droghe e malattie mentali, che lo portarono al suicidio nel 1994, con un colpo in testa sparato da un fucile.",1
Ronald McDonald,"È un clown usato come principale mascotte dalla catena di ristoranti-fast food McDonald. Nelle pubblicità, il clown vive in un mondo fantastico chiamato McDonaldland, ed ha diverse avventure con i suoi amici Mayor McCheese, the Hamburglar, Grimace, Birdie the Early Bird e The Fry Kids.",2
Una Talpa,"Un informatore o una spia reclutata per guadagnare informazioni su un governo o un organizzazione dall'interno. Essi prendono il nome da un piccolo mammifero sotterraneo. Il termine fu reso famoso da John Le Carrè nel suo romanzo “La Talpa”, ma fu usato inizialmente da Francis Bacon nel 1626.",2
Hanna e Barbera,"Casa di produzione statunitense, leader nella produzione di serie televisive animate. Dopo la scomparsa di William Hanna avvenuta nel 2001 la casa di produzione è andata in bancarotta per le serie TV e nel 2009 per i film. Oggi la Warner Bros. detiene al 50% i diritti delle serie della Hanna-Barbera. Tra i suoi personaggi più famosi abbiamo: Braccobaldo, L'orso Yoghi, i Flinstones, I Jetsons e Scooby Doo.",1
Barba,"L'insieme dei peli, dalle guance al collo, la cui apparizione segna nell'uomo il passaggio dall'adolescenza alla virilità. È uno dei caratteri sessuali secondari maschili. Il termine può essere usato anche per indicare una persona piuttosto noiosa.",1
Dio,"L'essere supremo, i cui monoteisti spesso credono essere onniscente, onnipotente ed onnipresente; responsabile per la creazione dell'universo. In occidente viene spesso raffigurato come un vecchio uomo con una lunga barba.",1
Richard Benson,"Musicista attivo nell'underground romano dei primi '70, nella sua carriera ha anche condotto diverse trasmissioni televisive e radiofoniche a sfondo musicale ed è spesso ospite in varietà sulle reti nazionali. Ha costruito la sua fama (dapprima limitata al solo ambiente popolare romano e poi allargatasi al web e alla televisione) soprattutto grazie ai suoi spettacoli, nei quali è vittima di insulti e lanci di oggetti sul palco.",4
Anna Frank,"Una vittima dell'Olocausto famosa per il suo diario, scritto in tempo di guerra. Dopo aver visitato il luogo in cui era solita nascondersi ai nazisti, la pop star Justin Bieber scrisse: “Truly inspiring to be able to come here. Anne was a great girl. Hopefully she would have been a belieber.”",1
Deep Blue,"Un computer IBM che sconfisse il campione di scacchi Garry Kasparow 2 a 1, con 3 pareggi. Kasparow chiese un rematch dopo aver accusato IBM di aver barato. Essi negarono ed in seguito disattivarono il computer.",3
Frankenstein,"Il dottor Victor Frankenstein è un famoso personaggio inventato dall'autrice Mary Shelley nel suo libro Frankenstein o il moderno Prometeo, del 1818. Il nome viene spesso erroneamente assegnato alla creatura del dottore, la quale non ha nome.",1
Un Umpa Lumpa,"Una razza di pigmei bassi e con la pelle arancione che lavorano nella fabbrica di cioccolata di Willy Wonka. In una prima versione della novella di Roald Dahl essi erano descitti come pigmei africani, ma furono in seguito riscritti come bianchi e biondi.",1
Raperonzolo,Personaggio di una fiaba dei fratelli Grimm. Essa è una principessa imprigionata su una torre da una strega malvagia. Viene salvata da un principe che scala la torre grazie ai suoi lunghi capelli.,1
Pac-Man,"Il personaggio principale di uno dei più famosi videogiochi degli anni 80. Egli mangia palline e frutta all'interno di un labirinto, mentre cerca di sfuggire a dei fantasmi. Per molti anni fu la mascotte della casa di produzione, la Namco. La prima versione casalinga, per Atari 2600, fu un gran fallimento e si dice possa essere uno dei fattori scatenanti della grande crisi dei videogiochi del 1983.",1
Godzilla,"Il re dei mostri, apparve inizialmente in una serie di film giapponesi fatti in risposta al bombardamento atomico di Hiroshima e Nagasaki. Il mostro è un rettile che cammina a due zampe, ha una lunga coda e spara raggi nucleari dalla bocca.",1
Pinhead,"Pinhead è uno dei protagonisti della serie cinematografica di Hellraiser, basata sui racconti di Clive Baker. Egli è a capo dei Cenobiti, esseri di un'altra dimensione, né angeli né demoni, che si dice portino le proprie vittime verso piaceri e dolori indescrivibili.",4
Mahatma Gandhi,"Politico e filosofo indiano, fu un'importante guida spirituale per il proprio paese. Gandhi è stato uno dei pionieri e dei teorici del satyagraha, la resistenza all'oppressione tramite la disobbedienza civile di massa che ha portato l'india all'indipendenza.",1
Freddy Krueger,"È un personaggio cinematografico assoluto protagonista della saga di film horror, Nightmare. In vita, era un assassino seriale, specializzato soprattutto nell'infanticidio, ucciso per vendetta dai suoi stessi concittadini e che ha ottenuto, dopo la morte, il potere di viaggiare nei sogni, che sfrutta per tormentare il sonno dei figli dei responsabili della sua morte",2
Human Centipede,"La “creatura” di un film horror del 2009, dove un sadico dottore tedesco unisce tre persone tra di loro, dalla bocca all'ano, obbligandole ad utilizzare un unico apparato digerente. Il regista del film spiegò che il suo lavoro è parzialmente un'allegoria del fascismo.",3
Chef Tony,"È un personaggio televisivo statunitense, televenditore. Nato a Brooklyn da una famiglia italoamericana, ha gestito un proprio ristorante a New York. Il suo spot più famoso, riguardante la Miracle Blade 3 – serie perfetta, è rimasta in programmazione sulle tv locali per oltre dieci anni.",1
Vincent Van Gogh,"Van Gogh fu un pittore post-impressionista olandese, famoso per i suoi dipinti di campi di grano, fiori e cieli notturni. Fu vittima di malattie mentali, le quali lo spinsero a tagliarsi il proprio stesso orecchio.",1
William Shakespeare,"Drammaturgo e poeta inglese. È lo scrittore maggiormente citato nella storia della letteratura inglese e molte delle sue espressioni linguistiche sono entrate nell'inglese quotidiano. Tra le sue opere abbiamo “Romeo e Giulietta”, “Sogno di una notte di mezza estate” e “Amleto”.",1
Hulk,"Hulk, alias Robert Bruce Banner, è un famoso supereroe della Marvel Comics, creato da Stan Lee e Jack Kirby. Dopo che lo scienziato Banner fu esposto per errore all'esplosione di una bomba a raggi gamma, egli guadagnò il potere di trasformarsi in Hulk ogni volta che si arrabbiava, e maggiore era la rabbia, maggiore era la sua forza.",1
Grammar Nazi,"Una persona che richiede l'utilizzo corretto della propria lingua e delle sue regole ben oltre il suo uso comune. Secondo il sito knowyourmeme.com, tale termine venne utilizzato per la prima volta nel 1995, sul newsgroup alt.gothic.",3
Yoshi,"Sidekick di Mario e Luigi, famose mascotte di Nintendo. Apparve per la prima volta nel videogioco Super Mario World, per Super Nintendo, datato 1990. Egli è un dinosauro appartenente alla razza degli Yoshi. È in grado di divorare i nemici grazie alla sua lingua prensile, e grazie ad essi può covare uova da lanciare, o sparare fuoco.",1
Hannibal Lecter,"Uno psichiatra, serial killer e cannibale del film e romanzo “Il silenzio degli innocenti”. Fu interpretato con successo da Anthony Hopkins, e la sua frase più famosa è: “Uno che faceva un censimento, una volta, tentò di interrogarmi. Mi mangiai il suo fegato con un bel piatto di fave e un buon Chianti”.",1
Un Centauro,"Un ibrido mitologico la cui parte superiore è quella di un uomo, la parte inferiore è quella di un cavallo. I Greci li consideravano selvaggi spesso ubriachi.",1
Dr. Heimlich,"Un chirurgo famoso per aver inventato una manovra che previene il soffocamento, spesso dovuto a cibo incastrato nell'esofago. Dai primi anni 80 prese a sviluppare la malarioterapia, una terapia che utilizza l'infezione volontaria di malaria per curare malattie quali cancro e Hiv. La terapia ad oggi non ha mai avuto successo.",1
Andrea Diprè,"Autoproclamato Critico d'arte, è diventato conosciuto ai più grazie alle sue interviste improbabili ad “artisti” sconosciuti ed in seguito anche a fenomeni trash della rete. Al momento ha due canali Sky, Diprè Tv 1 e 2, che ripropongono costantemente le sue interviste.",2
Slimer,"Un personaggio dei Ghostbusters, che appare come un blob verde semitrasparente, formato da ectoplasma. L'attore e scrittore Dan Aykroyd lo descrisse come il fantasma di John Belushi.",1
Predator,"Alieno cacciatore di teste protagonista dei film di fantascienza “Predator”, “Predator 2” e “Predators”. Egli appartiene alla razza degli Yautja, provenienti da Yautja Prime. Nonostante non faccia parte dello stesso franchise, si dice che abbia incontrato più volte un'altro alieno famoso nella storia del cinema, lo Xenomorfo Alien.",1
Pocahontas,"Un'indiana della Virginia, conosciuta per la sua associazione ai coloni di Jamestown, Virginia. Fu catturata dagli inglesi durante le ostilità Anglo-Indiane del 1613, tenuta prigioniera e convertita alla cristianità. Una volta liberata scelse di rimanere con gli inglesi, e nel 1616 fu presentata alla corte inglese come “selvaggia civilizzata”.",2
Principessa Diana,"L'ex moglie del Principe Charles e madre di William e Harry. Morta in un tragico incidente automobilistico, probabilmente dovuto alla guida spericolata ed alla presenza di paparazzi. Il suo funerale fu uno degli eventi televisivi più visti fino ad allora.",1
Il Corvo,"Un grosso uccello nero protagonista di un famoso racconto di Edgar Allan Poe. In esso il corvo visita un uomo che sta ricordando il suo amore perduto. Seduto sul busto della dea Atena, il corvo ripete “mai più” finchè l'uomo non perde la ragione.",2
Il Mostro di Loch Ness,Un mostro leggendario che si dice viva in un lago nelle Highlands Scozzesi. Chi vi crede pensa che sia un dinosauro marino che in qualche modo sia sopravvissuto fino ai giorni nostri. La comunità scientifica è compatta sul fatto che sia una burla.,2
Naruto,"Personaggio principale del manga con lo stesso nome, scritto ed illustrato da Masashi Kishimoto. Egli è un ninja del villaggio della foglia, in un mondo fantastico dove i clan di ninja controllano diversi territori, e spesso si combattono per il controllo di essi.",2
La Bambina de L'Esorcista,"Di nome Regan MacNeil, la bambina che nel film L'Esorcista viene posseduta dal demone Pazuzu è riconosciuta ai più come un'icona horror. L'attrice che l'interpretava, Linda Blair, non riuscì ad avere altri ruoli importanti, avendo difficoltà a staccarsi dal personaggio.",2
Tua Madre,La donna che ti ha fatto nascere e/o cresciuto. Il nome effettivo o il titolo di questa carta sono entrambi validi.,2
E.T. l'extra-terrestre,"Protagonista di un film di fantascienza del 1982 diretto da Steven Spielberg. La sua linea più famosa è “E.T. Telefono casa”. In occasione del 20 anniversario del film fu girata una versione migliorata con audio rimasterizzato ed effetti in c.g. Furono fatti alcuni cambiamenti contestati, quali il cambio delle pistole degli agenti governativi in walkie-talkie.",2
L'Occhio di Sauron,"Una manifestazione dell'antagonista principale nella saga fantasy di J.R.R. Tolkien. Frodo lo descrive come “I contorni dell'Occhio erano di fuoco, mentre nel globo vitreo della cornea gialla e felina, vigile e penetrante, si apriva, nel buio di un abisso, la fessura nera della pupilla come una finestra sul nulla”",2
Davy Jones,"Nelle leggende dei marinai, Davy Jones è un diavolo del mare, associato alla morte per annegamento negli abissi marini. Ci si riferisce al suo nome soprattutto attraverso l'espressione Davy Jones' locker, ""lo scrigno di Davy Jones"", un eufemismo per ""il fondo del mare"". La sua origine è incerta, nel 1630 vi fu un capitano con quel nome, ed in una canzone del 1594 c'è un oste omonimo che vende i pirati ubriachi agli schiavisti.",3
Il Padrino,"Don Vito Corleone, personaggio de la trilogia omonima di Francis Ford Coppola. Fu interpretato da Marlon Brando (da anziano) e Robert De Niro (da giovane). La sua frase più celebre è “Gli farò un'offerta che non potrà rifiutare”.",2
Giuseppe Garibaldi,"Generale e politico italiano della metà dell'800. La sua impresa militare più nota fu la spedizione dei mille, che annettè il Regno delle due Sicilie al nascente Regno d'Italia. Garibaldi inoltre era anche un massone di 33mo grado (per breve tempo fu anche Gran Maestro), e anche un anticlericale convinto, ma non ateo.",1
Barack Obama,"Quarantaquattresimo presidente degli Stati Uniti e primo afro americano ad avere tale titolo. Famoso per la creazione di un sistema pubblico di assicurazione medica, detto Obamacare. Dal 2013 al 2015 il numero delle persone non assicurate in america è passato dal 18% al 13%.",1
Conan il Barbaro,"Personaggio letterario inventato dallo scrittore di heroic fantasy Robert Ervin Howard. È conosciuto anche come Conan il cimmero, dal nome della patria d'origine del personaggio. Inizialmente furono scritti 18 racconti, ad oggi si hanno 3 film, 6 serie a fumetti, una serie televisiva, una serie a cartoni animati e diversi giochi da tavolo e non.",2
Un Lebbroso,"Una persona infetta con il morbo di Hansen, che può risultare nella mancanza di sensibilità al dolore e la conseguente perdita di parti del corpo. Per prevenire l'avanzata del morbo, i malati erano separati in colonie specifiche. Tale pratica è ancora utilizzata in India e Cina.",2
Khan!,"Un nemico dalla saga di Star Trek, che fu solito controllare una porzione della terra durante le guerre Eugeniche degli anni 90. Ricardo Montalbàn fu l'attore ad interpretare questo superumano modificato geneticamente.",2
Il Kaiser,"Titolo del leader tedesco Wilhelm II, che fu a capo della germania fino alla fine della prima guerra mondiale. Nella propaganda era rappresentato con un grosso paio di baffi ed un elmetto appuntito, l'elmo dell'armata prussiana.",3
Calimero,"Anime televisivo italo-giapponese, basato sul celebre personaggio di Calimero originariamente creato da Nino e Toni Pagot, composto di due serie realizzate in collaborazione con la Toei Animation nel 1972 e nel 1992 con Telescreen Japan.",2
Il pirata Pop-pop,"Gioco per bambini molto popolare negli anni settanta in italia ed in altri paesi, prodotto dalla casa giapponese Tomy. Il gioco è composto da una botte all'interno della quale è posizionato il pirata. I giocatori a turno infilzano la botte con delle spade di plastica, e si alternano finchè una di queste fa saltare il pirata fuori dalla botte.",2
Mastro Lindo,"Mastro Lindo, o Mr.Clean in inglese, è il nome del maricho e la mascotte di una linea di prodotti per la pulizia delle superfici della casa di proprietà di Procter & Gamble. Il prodotto originale fu inventato da Linwood Burton, ed aveva lo scopo di rimpiazzare i solventi e gli abrasivi usati al tempo nella pulizia delle navi.",2
Gesù Cristo,"Un Rabbi sovversivo, che i cristiani credono essere il figlio di Dio e messia del nuovo testamento. Si dice abbia svolto miracoli, fu crocifisso e risorse dalla morte tre giorni dopo. La sua storia e le sue origini tuttavia sono incerte al di fuori della bibbia.",1
Il Kraken,Un gigantesco mostro mitologico che apparve per la prima volta nella mitologia nordica. Si suppone che la sua figura sia stata ispirata agli avvistamenti di calamari giganti. Si vede spesso “rilasciato” contro l'eroe di turno.,2
Un agente della CIA,"Agente della Central Intelligence Agency, l'agenzia di spionaggio per l'estero degli Stati Uniti d'America. Dispone di un ampio apparato militare segreto, che durante la guerra fredda è stato responsabile di diverse campagne clandestine contro governi stranieri. L'agenzia fu fondata dal presidente Truman nel 1947.",2
Un Jedi,"Personaggio di Guerre stellari, i Cavalieri Jedi sono i difensori della pace e della giustizia della Repubblica Galattica, e sono famosi per la loro propria e sola arma: la spada laser, che utilizzano efficacemente grazie alla loro straordinaria conoscienza della Forza. Sembra che la parola Jedi sia stata ispirata a George Lucas dal termine giapponese Jidaigeki, che indica i drammi storici con protagonisti i samurai.",2
Splinter,"Un anziano ratto umanoide, è il sensei delle Teenage Mutant Ninja Turtles, nel cartone degli anni 80 con tale nome. Inizialmente un grande guerriero samurai di nome Hamato Yoshi, tuttavia nelle versioni più recenti era piuttosto l'animale da compagnia di Hamato Yoshi.",2
Babar,"Un elefante dal libro per bambini di Jean de Brunhoff, i cui critici spesso associano ad una giustificazione al colonialismo. Nel libro egli lascia la giungla, visita una città, ritorna con un completo verde ed introduce la civilizzazione francese ai suoi compagni elefanti, e viene fatto re.",2
Andrea Camilleri,"Famoso scrittore italiano, specializzato in romanzi gialli e storici. Molti dei suoi romanzi si distinguono per l'utilizzo di un particolare linguaggio misto di italiano e siciliano. Il suo personaggio più celebre è il commissario Salvo Montalbano.",3
Chun-Li,"Un personaggio dalla serie di videogiochi Street Fighter. Essa utilizza soprattutto i potenti calci, con l'aiuto delle sue gambe molto muscolose. La sua mossa più famosa è il Lightning Kick, con il Spinning Bird Kick come secondo.",2
Il T-1000,"Un robot mutaforma, malvagio del film Terminator 2. Fatto di metallo liquido, fu mandato nel passato da Skynet per uccidere Edward Furlong, il quale è protetto dal più antiquato T-800, interpretato da Arnold Schwarzenegger. Inizialmente l'attore che doveva interpretarlo sarebbe dovuto essere Billy Idol, ma non potè a causa di un incidente in motocicletta.",2
Cthulhu,"Una antica divinità mostruosa creata da H.P. Lovecraft. È alto centinaia di metri, ha gambe e braccia umane, artigli, la testa di un polpo gigante e ali di pipistrello. Apparve nella prima volta nel racconto “Il richiamo di Cthulhu” datato 1928, dove viene descritto come un'entità antica e malvagia che risiede nella perduta città sommersa di R'lyeh.",2
Un Babbano,"Un personaggio non magico nella saga di Harry Potter. La loro mancanza di magia è probabilmente un tratto ereditario, e nei libri viene usata come giustificazione per la persecuzione di tali persone da parte di un gruppo di maghi purosangue, detti i Mangiamorte.",2
Capra che sviene,"Un animale da fattoria che soffre di una malattia genetica che causa un blocco dei muscoli di approssimamente dieci secondi ogni volta che l'animale va in panico. I video di questi animali, che svengono anche solo con il rumore di due mani che applaudono, divennero virali su Youtube nei primi anni 2000.",3
Tony la tigre,"È stata la mascotte dei cereali Frosties fin dal primo lancio sul mercato. A partire dagli anni 70 il personaggio è stato maggiormente umanizzato, e gli è stata data nazionalità italo- americana.",2
Uno Squalo,"Pesce predatore, detto scientificamente Selachimorpha. Questo nome raggruppa più di 500 specie. Loro caratteristica peculiare è che essi sono ricoperti da dentelli dermici, che migliorano l'idrodinamica ed in alcuni casi possono ferire le loro prede. In caso di attacco da parte di squalo si consiglia di colpire il muso, parte delicata per l'animale, per cercare di dissuaderlo.",2
Un Furby,"Un animale di compagnia giocattolo diventato famoso alla fine degli anni 90. Assomiglia vagamente ad un gufo e parla un proprio linguaggio, è capace di imparare qualche parola umana se gli si parla spesso. Se tenuto alla rovescia, piange e dice frasi quali “Me scared!”.",2
Gialappa's Band,"Trio di commentatori televisivi e radiofonici, composto da Marco Santin, Carlo Taranto e Giorgio Gherarducci. Il nome deriva dalla gialappa, pianta floreale messicana da cui si estrae un fortissimo lassativo per cavalli. In occasione dei mondiali di calcio messicani dell'86, i primi che commentarono, erano infatti frequenti i casi di calciatori colpiti da problemi intestinali.",2
Uno Sherpa,"Un membrio del gruppo etnico nepalese che risiede nelle montagne dell'Himalaya. Il termine spesso si riferisce a guide che assistono gli scalatori. Tra i più famosi spicca Tenzing Norgay, che nel 1953 scalò l'Everest con Edmun Hillary.",2
Un Cammello,"Animale da trasporto, ma allevato a suo tempo anche per la carne, il grasso, il latte e la lana. Oggi vi sono solo alcune centinaia di cammelli selvatici, gli altri sono domestici. Percè è stato inserito nella lista rossa IUCN delle specie minacciate. È conosciuto soprattutto per le gobbe sulla schiena, depositi di grasso che gli permettono di resistere senza cibo ed acqua anche per 20 giorni.",2
Elio e le Storie Tese,"Gruppo musicale italiano nato nel 1979 e tutt'oggi attivo. Il gruppo ha ricevuto via via sempre più fama grazie ai loro spettacoli allo Zelig di Milano, ai loro album, ed alle loro numerose apparizioni in televisione. Nel 1996 vengono conosciuti dai più quando arrivano secondi al festival di Sanremo con “La terra dei cachi”.",3
La Chimera,"Mostro mitologico con una testa di leone, una di capra e la coda di un serpente. Il termine in biologia è stato adattato ad un animale o pianta con cellule geneticamente distinte provenienti da due zigoti distinti.",2
Il Power Ranger Giallo,"Eroe dello show per bambini degli anni 90, il quale aveva un team di teenagers che combattevano alieni trasformandosi in supereroi e pilotando robot giganti chiamati Zords. Lo show fu spesso accusato di razzismo per allineare ogni colore dell'uniforme con l'etnia dell'attore che interpretava tale eroe.",4
Agente 007,"Di nome James Bond, personaggio principale di una lunga serie di romanzi e film di spionaggio. Nel corso degli anni vi furono diversi attori ad interpretare il personaggio, il primo e forse più memorabile fu Sean Connery, dal 1962 al 1967, con un ritorno nel 1971.",2
Leonardo da Vinci,"Pittore, ingegnere e scienziato italiano, ha vissuto dal 1452 al 1519. Incarnò appieno lo spirito della sua epoca, il Rinascimento, occupandosi magistralmente di tutti i campi dell'arte e della conoscenza. Tra le sue opere più importanti abbiamo i suoi studi sulle macchine volanti e sull'anatomia umana (L'Uomo Vitruviano).",1
Umberto Bossi,"Soprannominato il Senatùr, è stato segretario del partito Lega Nord in Italia per 23 anni, eletto per sette volte a deputato, e per quattro volte a parlamentare europeo. Nel 2012 ha rassegnato del dimissioni da segretario a seguito di uno scandalo riguardante fondi del partito spesi a favore della propria famiglia. Famosi i suoi discorsi su “Roma Ladrona”",3
Goatse,"Un sito internet shock, attraverso il quale ignori visitatori aprendo un file di nome hello.jpg si trovavano di fronte all'immagine di un uomo nudo che allargava il proprio ano di diversi centimetri con l'aiuto delle mani.",4
Alì Babà,"Pesonaggio di una fiaba di origine persiana. Viene spesso presentato come appartenente a Le mille e una notte, anche se non vi ha mai davvero fatto parte. Nella fiaba è molto conosciuta la frase “Apriti sesamo” che permette ad Alì Babà di entrare nella grotta dove risiede il tesoro accumulato da quaranta ladroni.",2
Edipo,Un antico re greco leggendario al quale fu profetizzato che avrebbe ucciso il padre e sposato la madre. Lo psicologo Sigmund Freud ne prese il nome per classificare una patologia dove il paziente desidera sessualmente in modo inconscio il genitore del sesso opposto.,2
Lycan,"Razza di Lupi mannari presenti nel film Underworld e nei suoi sequel. Essi sono la seconda generazione di lupi mannari, discendenti di William Corvinus e schiavizzati dai vampiri per centinaia di anni.",3
Un Salvadanaio,Contenitore che serve a riporre ed accumulare monete. Tradizionalmente è a forma di maiale e fatto in ceramica. La frase “Rompere il salvadanaio” viene spesso usata per descrivere quando si decide di spendere buona parte dei propri risparmi.,2
Lo Zio Tom,"Personaggio de “La capanna dello Zio Tom”, novella scritta nel 1852 da Harriet Beecher Stowe, e trasposta in film nel 1927 e nel 1965. Con gli anni è divenuto un termine razzista che sta ad indicare una persona di colore eccessivamente soggiogata alle autorità.",2
Falkor,"Il Fortunadrago, personaggio del romanzo e film “La storia Infinita”. Esso viene cavalcato da Atreyu e Bastian durante la loro avventura per sconfiggere il Nulla. È descitto come un drago con molti tratti canini, ed in generale un aspetto simile alla sua controparte orientale.",3
Il Cavallo di Troia,"Una statua cava di legno utilizzata dai Greci per terminare la guerra di Troia. La leggenda narra che i Troiani trovando tale cavallo sul campo di battaglia deserto, lo portarono tra le mura della città pensando fosse un segno di sottomissione. Di notte, gli uomini nascosti al suo interno uscirono ed aprirono le porte al resto dell'esercito in attesa. Il termine viene anche usato per un tipo di malware molto comune su internet.",2
Un Bro,"Uno stereotipo spesso associato ai giovani uomini in età da College. Queste persone sono spesso descritte come bianche, privilegiate, eterosessuali (ma con atteggiamenti al limite nella propria amicizia) e sessiste.",2
Steve Jobs,"Steve Paul Jobs fu il fondatore ed amministratore delegato di Apple Inc. fino al 24 agosto 2011, quando si dimise per motivi di salute. È noto per aver introdotto al pubbilco prodotti di successo come l'Apple Lisa (primo personal computer con mouse), il Macintosh, l'iMac, l'iPod, l'iPhone e l'iPad. Nel 2007 fu classificato come primo dei 25 uomini più potenti al mondo dal Fortune.",1
Scatman John,"Musicista americano che creò una fusione tra scat e dance. Famoso soprattutto per le sue hits del 1995, “Scatman (Ski Ba Bop Ba Dop Bop)” e “Scatman's World”. Morì a 57 anni nel dicembre 1999, a causa di cancro ai polmoni.",2
Wile E. Coyote,"Personaggio animato creato da Chuck Jones nel 1984 per la Warner Bros. Nelle sue disavventure egli tenta sempre di acchiappare e mangiare Beep Beep, il Road Runner estremamente veloce. Il cartone è ambientato nelle gole della Monument Valley, dove ogni volta il Coyote si ingegna con piani complicati, supportato grazie agli atrezzi della ditta fittizia ACME.",2
Un Neanderthal,"Un membro di una specie estinta molto simile a quella umana. Scienziati suggeriscono che vi fossero accoppiamenti tra le due specie, ed a prova di ciò si stima che dall'1 al 4% del genoma umano non africano sia di provenienza Neanderthal. I membri di questa specie producevano arnesi, costruivano ripari ed avevano una forma di linguaggio.",1
Numa Numa,"Un video molto famoso su internet, dove un uomo sovrappeso seduto al computer (Gary Brolsma) balla sulla canzone “Dragostea din tei” cantata dal gruppo O-Zone. Apparso per la prima volta nel 2004 sul sito newgrounds.com, dopo appena tre mesi superò le 2 milioni di visualizzazioni. Non riuscì comunque a superare per popolarità un altro video virale del periodo, “Star Wars Kid”.",4
Gola Profonda,"L'informatore che procurò le informazioni riguardante il coinvolgimento di Richard Nixon nello scandalo del Watergate. Decenni dopo, l'ex direttore del FBI Mark Felt confessò essere lui Gola Profonda. Il nome viene anche collegato alla pornografia degli anni '70.",3
Sergente Hartman,https://images.fineartamerica.com/images-medium-large-5/r-lee-ermey-as-gunnery-sergeant-hartman-art.jpg,3
La gioconda,https://static.pexels.com/photos/40997/mona-lisa-leonardo-da-vinci-la-gioconda-oil-painting-40997.jpeg,1
Lama donna,https://pbs.twimg.com/profile_images/731163317193060352/L5GrKD4O_400x400.jpg,3
Marilyn Monroe,https://www.absolutearts.com/portfolio3/j/jarekglod/Marilyn_Monroe-1444665724l.jpg,1
Jack Sparrow,https://images.fineartamerica.com/images/artworkimages/mediumlarge/1/jack-sparrow-mark-higgins.jpg,1
